﻿<?xml version="1.0" encoding="utf-8"?>
<TypeDefinition version="3.0">
  <Modules>
    <Module url="CompBase.json"/>
    <Module url="ComComp.json"/>
    <Module url="Grid.json"/>
    <Module url="ListView.json"/>
    <Module url="DeviceAPI.json"/>
    <Module url="Graphics.json"/>
    <Module url="MobileComp.json"/>
    <Module url="extlib::LibCommon.json"/>
  </Modules>
  <Components>
    <Component type="JavaScript" id="Button" classname="nexacro.Button"/>
    <Component type="JavaScript" id="Combo" classname="nexacro.Combo"/>
    <Component type="JavaScript" id="Edit" classname="nexacro.Edit"/>
    <Component type="JavaScript" id="MaskEdit" classname="nexacro.MaskEdit"/>
    <Component type="JavaScript" id="TextArea" classname="nexacro.TextArea"/>
    <Component type="JavaScript" id="Static" classname="nexacro.Static"/>
    <Component type="JavaScript" id="Div" classname="nexacro.Div"/>
    <Component type="JavaScript" id="PopupDiv" classname="nexacro.PopupDiv"/>
    <Component type="JavaScript" id="Radio" classname="nexacro.Radio"/>
    <Component type="JavaScript" id="CheckBox" classname="nexacro.CheckBox"/>
    <Component type="JavaScript" id="ListBox" classname="nexacro.ListBox"/>
    <Component type="JavaScript" id="Grid" classname="nexacro.Grid"/>
    <Component type="JavaScript" id="Spin" classname="nexacro.Spin"/>
    <Component type="JavaScript" id="Menu" classname="nexacro.Menu"/>
    <Component type="JavaScript" id="PopupMenu" classname="nexacro.PopupMenu"/>
    <Component type="JavaScript" id="Tab" classname="nexacro.Tab"/>
    <Component type="JavaScript" id="GroupBox" classname="nexacro.GroupBox"/>
    <Component type="JavaScript" id="Calendar" classname="nexacro.Calendar"/>
    <Component type="JavaScript" id="ImageViewer" classname="nexacro.ImageViewer"/>
    <Component type="JavaScript" id="ProgressBar" classname="nexacro.ProgressBar"/>
    <Component type="JavaScript" id="Plugin" classname="nexacro.Plugin"/>
    <Component type="JavaScript" id="Dataset" classname="nexacro.NormalDataset"/>
    <Component type="JavaScript" id="ListView" classname="nexacro.ListView"/>
    <Component type="JavaScript" id="DataObject" classname="nexacro.DataObject"/>
    <Component type="JavaScript" id="CheckBoxSet" classname="nexacro.CheckBoxSet"/>
    <Component type="JavaScript" id="MultiCombo" classname="nexacro.MultiCombo"/>
    <Component type="JavaScript" id="Panel" classname="nexacro.Panel"/>
    <Component type="JavaScript" id="TextField" classname="nexacro.TextField"/>
    <Component type="JavaScript" id="MultiLineTextField" classname="nexacro.MultiLineTextField"/>
    <Component type="JavaScript" id="DateField" classname="nexacro.DateField"/>
    <Component type="JavaScript" id="DateRangePicker" classname="nexacro.DateRangePicker"/>
    <Component type="JavaScript" id="PopupDateRangePicker" classname="nexacro.PopupDateRangePicker"/>
    <Component type="JavaScript" id="WebBrowser" classname="nexacro.WebBrowser"/>
    <Component type="JavaScript" id="FileDialog" classname="nexacro.FileDialog"/>
    <Component type="JavaScript" id="FileDownload" classname="nexacro.FileDownload"/>
    <Component type="JavaScript" id="FileDownTransfer" classname="nexacro.FileDownTransfer"/>
    <Component type="JavaScript" id="FileUpload" classname="nexacro.FileUpload"/>
    <Component type="JavaScript" id="FileUpTransfer" classname="nexacro.FileUpTransfer"/>
    <Component type="JavaScript" id="ExcelExportObject" classname="nexacro.ExcelExportObject"/>
    <Component type="JavaScript" id="ExcelImportObject" classname="nexacro.ExcelImportObject"/>
    <Component type="JavaScript" id="VirtualFile" classname="nexacro.VirtualFile"/>
    <Component type="JavaScript" id="Graphics" classname="nexacro.Graphics"/>
  </Components>
  <Services>
    <Service prefixid="svcUrl" type="JSP" cachelevel="none" url="http://localhost:8180/" version="0" communicationversion="0" include_subdir="false"/>
    <Service prefixid="svcReport" type="JSP" cachelevel="none" url="http://" version="0" communicationversion="0" include_subdir="false"/>
    <Service prefixid="theme" type="resource" url="./_resource_/_theme_/" version="0" cachelevel="session" include_subdir="true"/>
    <Service prefixid="initvalue" type="resource" url="./_resource_/_initvalue_/" version="0" cachelevel="session" include_subdir="false"/>
    <Service prefixid="xcssrc" type="resource" url="./_resource_/_xcss_/" version="0" cachelevel="session" include_subdir="false"/>
    <Service prefixid="imagerc" type="resource" url="./_resource_/_images_/" version="0" cachelevel="session" include_subdir="true"/>
    <Service prefixid="font" type="resource" url="./_resource_/_font_/" version="0" cachelevel="session" include_subdir="false"/>
    <Service prefixid="stringrc" type="resource" url="./_resource_/_stringrc_/" version="0" cachelevel="session" include_subdir="false"/>
    <Service prefixid="extlib" type="resource" url="./_extlib_/" version="0" cachelevel="session" include_subdir="true"/>
    <Service prefixid="LibCommon" type="js" url="./_extlib_/LibCommon/" version="0" cachelevel="session" include_subdir="true" communicationversion="0"/>
    <Service prefixid="xjs" type="js" url="./xjs/" version="0" cachelevel="dynamic" include_subdir="false" communicationversion="0"/>
    <Service prefixid="frame" type="form" url="./frame/" version="0" cachelevel="session" include_subdir="false" communicationversion="0"/>
    <Service prefixid="cmm" type="form" url="./cmm/" version="0" cachelevel="session" include_subdir="false" communicationversion="0"/>
    <Service prefixid="editor" type="file" url="./editor/" version="0" cachelevel="dynamic" include_subdir="true" communicationversion="0"/>
    <Service prefixid="design" type="form" url="./design/" version="0" cachelevel="dynamic" include_subdir="true" communicationversion="0"/>
    <Service prefixid="sample" type="form" url="./sample/" version="0" cachelevel="dynamic" include_subdir="true" communicationversion="0"/>
    <Service prefixid="test" type="form" url="./test/" version="0" cachelevel="dynamic" include_subdir="true" communicationversion="0"/>
    <Service prefixid="view" type="form" url="./view/" version="0" cachelevel="dynamic" include_subdir="true" communicationversion="0"/>
  </Services>
  <Protocols/>
  <DeviceAdaptors/>
  <Update/>
</TypeDefinition>
